{"cameraMode":{"drawMode":0,"name":"Shaded","section":"Shading Mode"},"sceneLighting":true,"audioPlay":false,"sceneViewState":{"showFog":true,"showMaterialUpdate":false,"showSkybox":true,"showFlares":true,"showImageEffects":true,"showParticleSystems":true},"in2DMode":false,"pivot":{"x":0.8396872282028198,"y":-0.6444185972213745,"z":-0.06501002609729767},"rotation":{"x":-0.13374032080173493,"y":0.679913341999054,"z":-0.12816016376018525,"w":-0.709513247013092},"size":4.514073371887207,"orthographic":false}